date,version,note,author
2025-08-22,9.8.1,Capability modal shows earliest linked challenge date (ISO). Added /areas/sub/add-inline endpoint. Home now reads changelog.csv.,System
2025-08-21,9.8,"Added “Add” modals and add-inline POST endpoints for Goals, Challenges, Capabilities, Resources, Areas.",System
2025-08-20,9.7 Patch,Goals edit modal uses ISO date (due_date_disp). General stability fixes and safer null handling.,System
2025-08-19,9.6 Full,"Baseline: inline edits, Areas tree with ranks, Sankey ordering, Excel write-lock handling, core routes & templates.",System
2025-08-21,9.x,Resources & Capabilities dialogs: area/sub-area dropdowns and filtering; read-only earliest due in capability modal.,System
2025-08-21,9.x,Challenges add flow surfaces non-JSON server errors to aid debugging.,System
