version,date,notes
0.03,23/08/2025,Baseline snapshot. Added Sankey multi-filter UI (goal/constraint/enabler/resource/area/sub-area) with modal selectors; server-side filtering; preserved ordering by due date and ranks. Minor UI consistency fixes across modals.
0.02,23/08/2025,"Added “Add” buttons + pop-up creators for Goals, constraints, enablers, Resources, Areas."
0.02,23/08/2025,Fix goal edit pop-up date using due_date_disp.
0.01,23/08/2025,"Inline edits, modals, Areas tree (ranks), Sankey ordering, Excel lock handling."
0.04,24/08/2025,Made all tables smart
