date,version,note,author
19/08/2025,1,"Initial Flask skeleton with base layout and navigation (Home, Sankey, Goals, Challenges, Capabilities, Resources, Areas).",System
19/08/2025,1.1,Home page placeholder with static version history block.,System
19/08/2025,2,"Excel DAL bootstrap: created workbook on first run; added readers/writers for goals, challenges, capabilities, resources, areas, subareas, and link tables.",System
19/08/2025,3,Goals page and inline edit route.,System
19/08/2025,3.1,Challenges page with modal (add/edit) and inline endpoints.,System
19/08/2025,3.2,Capabilities page (table + modal shell).,System
19/08/2025,3.3,Resources page (table + modal shell).,System
19/08/2025,3.4,Areas & Sub-areas page with tree UI and edit modals.,System
19/08/2025,4,"Linking UIs: Goals↔Challenges, Challenges↔Capabilities, Capabilities↔Resources.",System
19/08/2025,5,Sankey view (Plotly) for Challenge → Capability → Resource flows.,System
19/08/2025,6,"Inline EDIT endpoints for all entities (goals, challenges, capabilities, resources, areas, sub-areas).",System
19/08/2025,7,"Inline ADD endpoints: goals, challenges, capabilities, resources, areas.",System
19/08/2025,7.1,Excel write lock handling with friendly 423 responses.,System
19/08/2025,8,Ordering: areas/sub-areas by rank; Sankey ordered by due dates and ranks.,System
19/08/2025,9.6 Full,"Baseline roll-up: inline edits, Areas tree (ranks), Sankey ordering, Excel lock handling, core routes and templates.",Chris Foulkes
20/08/2025,9.7 Patch,Goals edit modal uses ISO date (due_date_disp). General stability fixes and safer null handling.,Chris Foulkes
21/08/2025,9.8,"Added “Add” modals and add-inline POST endpoints for Goals, Challenges, Capabilities, Resources, Areas.",Chris Foulkes
21/08/2025,9.x,Resources & Capabilities: area/sub-area dropdowns + filtering; Capability modal shows earliest due read-only.,Chris Foulkes
21/08/2025,9.x,Challenges add flow surfaces non-JSON server errors to aid debugging.,Chris Foulkes
22/08/2025,9.8.1,Capability modal reliably shows earliest linked challenge date (ISO). Added /areas/sub/add-inline endpoint. Home now reads changelog.csv.,Chris Foulkes
2025-08-23T00:49:50,9.9,v9.9 – Add modals for create/edit/link across all pages; ISO date handling; inline Manage pop-ups; Areas/Sub-areas add flows; Sankey ordering.,Chris Foulkes
