version,date,notes
9.91,2025-08-23,Baseline snapshot. Added Sankey multi-filter UI (goal/challenge/capability/resource/area/sub-area) with modal selectors; server-side filtering; preserved ordering by due date and ranks. Minor UI consistency fixes across modals.
9.8,,"Added “Add” buttons + pop-up creators for Goals, Challenges, Capabilities, Resources, Areas."
9.7 Patch,,Fix goal edit pop-up date using due_date_disp.
9.6 Full,,"Inline edits, modals, Areas tree (ranks), Sankey ordering, Excel lock handling."
